INSERT INTO Clientes (DNI_cliente, nombre, direccion, telefono) VALUES (34910462, 'María Luisa Pacheco Salamanca', 'Glorieta de Hermenegildo Hernández 4 Puerta 7 , Ourense, 15885', '+34 925 649 615');
INSERT INTO Clientes (DNI_cliente, nombre, direccion, telefono) VALUES (22042015, 'Mercedes Román Medina', 'Pasaje de Manu Gallardo 52 Puerta 1 , León, 05128', '+34705097693');
INSERT INTO Clientes (DNI_cliente, nombre, direccion, telefono) VALUES (10870440, 'Eloy Heras Sancho', 'Paseo de Tristán Aroca 30, Lleida, 13276', '+34 635 137 889');
INSERT INTO Clientes (DNI_cliente, nombre, direccion, telefono) VALUES (14173992, 'Martin Torrijos Pineda', 'Rambla de Benita Marco 42, Álava, 82987', '+34736 72 00 16');
INSERT INTO Clientes (DNI_cliente, nombre, direccion, telefono) VALUES (92986727, 'Juan Pablo Roldan Boix', 'Vial Buenaventura Arteaga 55, Las Palmas, 32487', '+34 635 015 703');
INSERT INTO Clientes (DNI_cliente, nombre, direccion, telefono) VALUES (68130219, 'Candelario Jurado Malo', 'Rambla Lisandro Jerez 51, León, 14190', '+34 647 37 52 64');
INSERT INTO Clientes (DNI_cliente, nombre, direccion, telefono) VALUES (13049466, 'Adriana Ricart Ropero', 'C. Jacobo Rico 194, Pontevedra, 49047', '+34641 048 914');
INSERT INTO Clientes (DNI_cliente, nombre, direccion, telefono) VALUES (61052190, 'Florina Hilda Cortina Higueras', 'Glorieta de Leticia Alemany 77, Baleares, 98944', '+34 805968039');
INSERT INTO Clientes (DNI_cliente, nombre, direccion, telefono) VALUES (11220300, 'Poncio Arjona-Gil', 'Acceso de Pablo Pou 94, Murcia, 72471', '+34731 10 63 70');
INSERT INTO Clientes (DNI_cliente, nombre, direccion, telefono) VALUES (34841517, 'Juanita Verónica Salamanca Laguna', 'Alameda Ruperto Parejo 8 Apt. 56 , Valladolid, 50083', '+34 742748355');
INSERT INTO Clientes (DNI_cliente, nombre, direccion, telefono) VALUES (21810468, 'Evelia Sancho Torrecilla', 'Via José Cruz 3, León, 92869', '+34 727344869');
INSERT INTO Clientes (DNI_cliente, nombre, direccion, telefono) VALUES (76350246, 'Sabina Guijarro Gomis', 'Paseo Concepción Tomás 49 Piso 1 , Murcia, 22366', '+34 703213583');
INSERT INTO Clientes (DNI_cliente, nombre, direccion, telefono) VALUES (51272891, 'Adolfo Ramírez-Ferrando', 'Rambla Carlos Guerrero 33, Córdoba, 35722', '+34 704 02 48 45');
INSERT INTO Clientes (DNI_cliente, nombre, direccion, telefono) VALUES (28295147, 'Ainara Mamen Ricart Gelabert', 'Camino de Ovidio Sureda 81 Apt. 71 , Ávila, 26210', '+34715 13 52 88');
INSERT INTO Clientes (DNI_cliente, nombre, direccion, telefono) VALUES (12165831, 'Pancho Cuevas-Bartolomé', 'Camino de Xavier Fabra 36 Puerta 4 , Tarragona, 42284', '+34 621047980');
INSERT INTO Clientes (DNI_cliente, nombre, direccion, telefono) VALUES (58898480, 'María Cervera Mata', 'Pasaje de Wilfredo Elorza 62, Zamora, 23617', '+34741 475 106');
INSERT INTO Clientes (DNI_cliente, nombre, direccion, telefono) VALUES (2854398, 'Gaspar del Mulet', 'C. Luisina Torre 82 Apt. 87 , Badajoz, 09766', '+34748 951 330');
INSERT INTO Clientes (DNI_cliente, nombre, direccion, telefono) VALUES (14962756, 'Anselmo Arregui Priego', 'Avenida Filomena Llano 2, Las Palmas, 99938', '+34 739 710 372');
INSERT INTO Clientes (DNI_cliente, nombre, direccion, telefono) VALUES (90311040, 'Íngrid Franco Arnaiz', 'Ronda de Corona Martin 605, Pontevedra, 15362', '+34829 68 10 59');
INSERT INTO Clientes (DNI_cliente, nombre, direccion, telefono) VALUES (83695977, 'Dalila Rincón Cobos', 'Alameda Jenny Pagès 180 Piso 9 , Toledo, 02017', '+34727 92 16 85');
INSERT INTO Clientes (DNI_cliente, nombre, direccion, telefono) VALUES (48155019, 'Trini Meléndez-Jordá', 'Vial María Ángeles Guillen 84, Lugo, 42829', '+34 978433967');
INSERT INTO Clientes (DNI_cliente, nombre, direccion, telefono) VALUES (13429114, 'Chucho Álvarez', 'Plaza Rosendo Casares 92 Apt. 37 , Badajoz, 65814', '+34 711608606');
INSERT INTO Clientes (DNI_cliente, nombre, direccion, telefono) VALUES (41402669, 'Yaiza Higueras Botella', 'Rambla de Emilio Segovia 3, Tarragona, 20165', '+34744 713 114');
INSERT INTO Clientes (DNI_cliente, nombre, direccion, telefono) VALUES (93503963, 'Edgardo Criado Conesa', 'Paseo Rufina Esparza 88, Zamora, 39810', '+34 677089415');
INSERT INTO Clientes (DNI_cliente, nombre, direccion, telefono) VALUES (16323012, 'Lucía Sevilla', 'Callejón de Chuy Jaume 73, Álava, 83385', '+34747 20 61 90');
INSERT INTO Clientes (DNI_cliente, nombre, direccion, telefono) VALUES (68397519, 'Anselma Roldán-Roldán', 'Glorieta Rafaela Pinedo 54, Segovia, 14825', '+34924 94 07 88');
INSERT INTO Clientes (DNI_cliente, nombre, direccion, telefono) VALUES (95892193, 'Emilia del Castilla', 'Ronda de Nuria Montesinos 8 Piso 8 , Castellón, 71378', '+34 830 85 09 60');
INSERT INTO Clientes (DNI_cliente, nombre, direccion, telefono) VALUES (61302101, 'Constanza Chelo Noriega Gonzalez', 'Callejón Jose Francisco Seguí 62, Santa Cruz de Tenerife, 82571', '+34 701 162 795');
INSERT INTO Clientes (DNI_cliente, nombre, direccion, telefono) VALUES (81408418, 'Amaro Rozas Batlle', 'Paseo Guillermo Ayala 13 Puerta 5 , Huelva, 00581', '+34 870 690 524');
INSERT INTO Clientes (DNI_cliente, nombre, direccion, telefono) VALUES (10229187, 'Azahar Valera Vilar', 'Alameda Tecla Riba 56 Puerta 8 , Zamora, 24307', '+34 894199197');
INSERT INTO Conductores (DNI_conductor, nombre, licencia_conduccion, fecha_vencimiento_licencia, telefono) VALUES (75625648, 'Isaac Ferrándiz Montero', 'uHJ-1539', '2029-01-17', '+34 731753253');
INSERT INTO Conductores (DNI_conductor, nombre, licencia_conduccion, fecha_vencimiento_licencia, telefono) VALUES (1529504, 'Héctor del Miró', 'imh-3234', '2029-07-28', '+34 862 64 31 50');
INSERT INTO Conductores (DNI_conductor, nombre, licencia_conduccion, fecha_vencimiento_licencia, telefono) VALUES (80152664, 'Felipa del Casado', 'Kmk-7878', '2029-01-18', '+34 718 81 51 16');
INSERT INTO Conductores (DNI_conductor, nombre, licencia_conduccion, fecha_vencimiento_licencia, telefono) VALUES (57674055, 'Juan Manuel Mena Vilanova', 'GdC-6558', '2026-09-05', '+34 746 606 944');
INSERT INTO Conductores (DNI_conductor, nombre, licencia_conduccion, fecha_vencimiento_licencia, telefono) VALUES (55639481, 'Emiliana Porras Benet', 'oBp-3087', '2026-12-19', '+34740863394');
INSERT INTO Conductores (DNI_conductor, nombre, licencia_conduccion, fecha_vencimiento_licencia, telefono) VALUES (75967676, 'Anita de Batlle', 'EHy-2609', '2028-04-24', '+34721 960 887');
INSERT INTO Conductores (DNI_conductor, nombre, licencia_conduccion, fecha_vencimiento_licencia, telefono) VALUES (29177597, 'Porfirio Armas Prada', 'ZEJ-2103', '2030-03-05', '+34721 533 013');
INSERT INTO Conductores (DNI_conductor, nombre, licencia_conduccion, fecha_vencimiento_licencia, telefono) VALUES (97647642, 'Adora Iglesia Heredia', 'XyT-2885', '2027-12-20', '+34948370392');
INSERT INTO Conductores (DNI_conductor, nombre, licencia_conduccion, fecha_vencimiento_licencia, telefono) VALUES (50332090, 'Catalina Pérez Martí', 'ufL-9994', '2027-02-05', '+34 866 233 774');
INSERT INTO Conductores (DNI_conductor, nombre, licencia_conduccion, fecha_vencimiento_licencia, telefono) VALUES (24560724, 'Blanca Ferrando-Luque', 'dQk-8317', '2028-10-27', '+34 808300837');
INSERT INTO Conductores (DNI_conductor, nombre, licencia_conduccion, fecha_vencimiento_licencia, telefono) VALUES (28464231, 'Florentino Benitez Cerdán', 'cSB-9579', '2029-09-10', '+34 646595034');
INSERT INTO Conductores (DNI_conductor, nombre, licencia_conduccion, fecha_vencimiento_licencia, telefono) VALUES (4284617, 'Juan José Bárcena Barco', 'Xve-8615', '2026-05-22', '+34 721 07 68 39');
INSERT INTO Conductores (DNI_conductor, nombre, licencia_conduccion, fecha_vencimiento_licencia, telefono) VALUES (33278861, 'Zaida Montaña Avilés', 'MlY-2915', '2028-03-27', '+34 743 318 006');
INSERT INTO Conductores (DNI_conductor, nombre, licencia_conduccion, fecha_vencimiento_licencia, telefono) VALUES (3766878, 'Eva María Múgica', 'JOh-6010', '2028-12-09', '+34 746671471');
INSERT INTO Conductores (DNI_conductor, nombre, licencia_conduccion, fecha_vencimiento_licencia, telefono) VALUES (80433832, 'Francisca Alvarez Mateos', 'Yff-2655', '2029-05-24', '+34 719558226');
INSERT INTO Vehiculos (placa, tipo_vehiculo, capacidad, estado) VALUES ('zaH-0048', 'Camión', 12.85, 'En Ruta');
INSERT INTO Vehiculos (placa, tipo_vehiculo, capacidad, estado) VALUES ('wzx-3684', 'Furgoneta', 19.6, 'Disponible');
INSERT INTO Vehiculos (placa, tipo_vehiculo, capacidad, estado) VALUES ('wuV-3597', 'Camión', 16.26, 'En Mantenimiento');
INSERT INTO Vehiculos (placa, tipo_vehiculo, capacidad, estado) VALUES ('cdc-9029', 'Furgoneta', 12.08, 'En Ruta');
INSERT INTO Vehiculos (placa, tipo_vehiculo, capacidad, estado) VALUES ('zPQ-0582', 'Camión', 12.75, 'En Mantenimiento');
INSERT INTO Vehiculos (placa, tipo_vehiculo, capacidad, estado) VALUES ('SKT-4640', 'Trailer', 19.31, 'En Mantenimiento');
INSERT INTO Vehiculos (placa, tipo_vehiculo, capacidad, estado) VALUES ('kAk-1400', 'Trailer', 3.52, 'Disponible');
INSERT INTO Vehiculos (placa, tipo_vehiculo, capacidad, estado) VALUES ('wzs-0610', 'Camión', 6.87, 'En Ruta');
INSERT INTO Vehiculos (placa, tipo_vehiculo, capacidad, estado) VALUES ('DvZ-3164', 'Trailer', 4.59, 'En Ruta');
INSERT INTO Vehiculos (placa, tipo_vehiculo, capacidad, estado) VALUES ('mIB-3960', 'Camión', 6.44, 'En Ruta');
INSERT INTO Vehiculos (placa, tipo_vehiculo, capacidad, estado) VALUES ('zGB-1710', 'Furgoneta', 2.89, 'Disponible');
INSERT INTO Vehiculos (placa, tipo_vehiculo, capacidad, estado) VALUES ('yYd-7922', 'Trailer', 15.58, 'En Mantenimiento');
INSERT INTO Vehiculos (placa, tipo_vehiculo, capacidad, estado) VALUES ('NmB-1303', 'Trailer', 18.59, 'En Ruta');
INSERT INTO Vehiculos (placa, tipo_vehiculo, capacidad, estado) VALUES ('Dvc-6795', 'Furgoneta', 16.71, 'Disponible');
INSERT INTO Vehiculos (placa, tipo_vehiculo, capacidad, estado) VALUES ('vLP-5758', 'Furgoneta', 3.51, 'Disponible');
INSERT INTO Vehiculos (placa, tipo_vehiculo, capacidad, estado) VALUES ('Gha-9792', 'Trailer', 18.89, 'Disponible');
INSERT INTO Vehiculos (placa, tipo_vehiculo, capacidad, estado) VALUES ('luw-3286', 'Camión', 18.88, 'En Ruta');
INSERT INTO Vehiculos (placa, tipo_vehiculo, capacidad, estado) VALUES ('Vea-6084', 'Trailer', 13.15, 'En Ruta');
INSERT INTO Vehiculos (placa, tipo_vehiculo, capacidad, estado) VALUES ('vKw-3435', 'Camión', 11.77, 'En Mantenimiento');
INSERT INTO Vehiculos (placa, tipo_vehiculo, capacidad, estado) VALUES ('Esj-9676', 'Furgoneta', 5.56, 'En Ruta');
INSERT INTO Rutas (origen, destino, distancia_km, tiempo_estimado_horas, id_ruta) VALUES ('Ciudad', 'Murcia', 612.72, 5.7, 1);
INSERT INTO Rutas (origen, destino, distancia_km, tiempo_estimado_horas, id_ruta) VALUES ('Pontevedra', 'Navarra', 930.06, 1.93, 2);
INSERT INTO Rutas (origen, destino, distancia_km, tiempo_estimado_horas, id_ruta) VALUES ('Cáceres', 'Huelva', 313.3, 7.27, 3);
INSERT INTO Rutas (origen, destino, distancia_km, tiempo_estimado_horas, id_ruta) VALUES ('Jaén', 'Valencia', 772.17, 11.7, 4);
INSERT INTO Rutas (origen, destino, distancia_km, tiempo_estimado_horas, id_ruta) VALUES ('La Rioja', 'Cuenca', 435.92, 23.46, 5);
INSERT INTO Rutas (origen, destino, distancia_km, tiempo_estimado_horas, id_ruta) VALUES ('Ávila', 'Guipúzcoa', 721.0, 13.09, 6);
INSERT INTO Rutas (origen, destino, distancia_km, tiempo_estimado_horas, id_ruta) VALUES ('Baleares', 'Guadalajara', 295.95, 21.22, 7);
INSERT INTO Rutas (origen, destino, distancia_km, tiempo_estimado_horas, id_ruta) VALUES ('Melilla', 'Pontevedra', 904.02, 18.95, 8);
INSERT INTO Rutas (origen, destino, distancia_km, tiempo_estimado_horas, id_ruta) VALUES ('Granada', 'Burgos', 707.92, 1.92, 9);
INSERT INTO Rutas (origen, destino, distancia_km, tiempo_estimado_horas, id_ruta) VALUES ('Albacete', 'Málaga', 216.39, 16.97, 10);
INSERT INTO Rutas (origen, destino, distancia_km, tiempo_estimado_horas, id_ruta) VALUES ('Ávila', 'Huelva', 230.37, 12.25, 11);
INSERT INTO Rutas (origen, destino, distancia_km, tiempo_estimado_horas, id_ruta) VALUES ('Toledo', 'Cáceres', 969.52, 9.26, 12);
INSERT INTO Rutas (origen, destino, distancia_km, tiempo_estimado_horas, id_ruta) VALUES ('Guadalajara', 'Valladolid', 621.76, 19.95, 13);
INSERT INTO Rutas (origen, destino, distancia_km, tiempo_estimado_horas, id_ruta) VALUES ('La Coruña', 'Ourense', 785.54, 20.99, 14);
INSERT INTO Rutas (origen, destino, distancia_km, tiempo_estimado_horas, id_ruta) VALUES ('Baleares', 'Pontevedra', 89.19, 4.71, 15);
INSERT INTO Rutas (origen, destino, distancia_km, tiempo_estimado_horas, id_ruta) VALUES ('Zamora', 'Lugo', 250.33, 21.73, 16);
INSERT INTO Rutas (origen, destino, distancia_km, tiempo_estimado_horas, id_ruta) VALUES ('Huesca', 'Lugo', 202.7, 20.06, 17);
INSERT INTO Rutas (origen, destino, distancia_km, tiempo_estimado_horas, id_ruta) VALUES ('Cáceres', 'Teruel', 485.86, 20.54, 18);
INSERT INTO Rutas (origen, destino, distancia_km, tiempo_estimado_horas, id_ruta) VALUES ('Vizcaya', 'Cáceres', 340.15, 4.02, 19);
INSERT INTO Rutas (origen, destino, distancia_km, tiempo_estimado_horas, id_ruta) VALUES ('Jaén', 'Valencia', 336.9, 17.77, 20);
INSERT INTO Rutas (origen, destino, distancia_km, tiempo_estimado_horas, id_ruta) VALUES ('Navarra', 'Jaén', 288.49, 3.34, 21);
INSERT INTO Rutas (origen, destino, distancia_km, tiempo_estimado_horas, id_ruta) VALUES ('Valladolid', 'Albacete', 831.46, 14.12, 22);
INSERT INTO Rutas (origen, destino, distancia_km, tiempo_estimado_horas, id_ruta) VALUES ('Tarragona', 'Madrid', 126.32, 13.92, 23);
INSERT INTO Rutas (origen, destino, distancia_km, tiempo_estimado_horas, id_ruta) VALUES ('Madrid', 'Tarragona', 907.83, 7.83, 24);
INSERT INTO Rutas (origen, destino, distancia_km, tiempo_estimado_horas, id_ruta) VALUES ('Zaragoza', 'Álava', 449.12, 19.61, 25);
INSERT INTO Rutas (origen, destino, distancia_km, tiempo_estimado_horas, id_ruta) VALUES ('Asturias', 'Toledo', 197.67, 18.35, 26);
INSERT INTO Rutas (origen, destino, distancia_km, tiempo_estimado_horas, id_ruta) VALUES ('Alicante', 'Cáceres', 494.14, 15.1, 27);
INSERT INTO Rutas (origen, destino, distancia_km, tiempo_estimado_horas, id_ruta) VALUES ('Ávila', 'Zamora', 472.27, 6.76, 28);
INSERT INTO Rutas (origen, destino, distancia_km, tiempo_estimado_horas, id_ruta) VALUES ('Castellón', 'Castellón', 999.14, 17.77, 29);
INSERT INTO Rutas (origen, destino, distancia_km, tiempo_estimado_horas, id_ruta) VALUES ('Alicante', 'Navarra', 512.36, 19.7, 30);
INSERT INTO Envios (DNI_cliente, DNI_conductor, placa, id_ruta, fecha_envio, estado_envio, id_envio) VALUES (92986727, 75625648, 'wzx-3684', 13, '2025-04-21 15:58:14', 'En tránsito', 1);
INSERT INTO Envios (DNI_cliente, DNI_conductor, placa, id_ruta, fecha_envio, estado_envio, id_envio) VALUES (22042015, 75625648, 'zGB-1710', 7, '2025-01-14 06:22:00', 'Cancelado', 2);
INSERT INTO Envios (DNI_cliente, DNI_conductor, placa, id_ruta, fecha_envio, estado_envio, id_envio) VALUES (76350246, 75967676, 'kAk-1400', 7, '2025-01-16 20:12:32', 'Entregado', 3);
INSERT INTO Envios (DNI_cliente, DNI_conductor, placa, id_ruta, fecha_envio, estado_envio, id_envio) VALUES (61052190, 80433832, 'Gha-9792', 30, '2025-02-19 14:08:33', 'Cancelado', 4);
INSERT INTO Envios (DNI_cliente, DNI_conductor, placa, id_ruta, fecha_envio, estado_envio, id_envio) VALUES (51272891, 33278861, 'Dvc-6795', 19, '2025-03-21 14:26:42', 'Cancelado', 5);
INSERT INTO Envios (DNI_cliente, DNI_conductor, placa, id_ruta, fecha_envio, estado_envio, id_envio) VALUES (68397519, 33278861, 'wuV-3597', 3, '2025-01-06 01:26:59', 'Pendiente', 6);
INSERT INTO Envios (DNI_cliente, DNI_conductor, placa, id_ruta, fecha_envio, estado_envio, id_envio) VALUES (13429114, 80433832, 'yYd-7922', 29, '2025-04-17 15:16:38', 'Entregado', 7);
INSERT INTO Envios (DNI_cliente, DNI_conductor, placa, id_ruta, fecha_envio, estado_envio, id_envio) VALUES (28295147, 75967676, 'DvZ-3164', 22, '2025-04-15 22:06:41', 'Pendiente', 8);
INSERT INTO Envios (DNI_cliente, DNI_conductor, placa, id_ruta, fecha_envio, estado_envio, id_envio) VALUES (83695977, 3766878, 'mIB-3960', 19, '2025-01-02 21:04:58', 'Entregado', 9);
INSERT INTO Envios (DNI_cliente, DNI_conductor, placa, id_ruta, fecha_envio, estado_envio, id_envio) VALUES (81408418, 80152664, 'vKw-3435', 14, '2025-02-17 23:54:35', 'Cancelado', 10);
INSERT INTO Envios (DNI_cliente, DNI_conductor, placa, id_ruta, fecha_envio, estado_envio, id_envio) VALUES (2854398, 28464231, 'wzs-0610', 21, '2025-01-04 13:11:59', 'Entregado', 11);
INSERT INTO Envios (DNI_cliente, DNI_conductor, placa, id_ruta, fecha_envio, estado_envio, id_envio) VALUES (13049466, 75967676, 'wzx-3684', 11, '2025-01-01 04:35:23', 'Cancelado', 12);
INSERT INTO Envios (DNI_cliente, DNI_conductor, placa, id_ruta, fecha_envio, estado_envio, id_envio) VALUES (81408418, 50332090, 'vKw-3435', 24, '2025-04-12 05:45:51', 'Entregado', 13);
INSERT INTO Envios (DNI_cliente, DNI_conductor, placa, id_ruta, fecha_envio, estado_envio, id_envio) VALUES (76350246, 75625648, 'Vea-6084', 18, '2025-03-03 22:01:53', 'En tránsito', 14);
INSERT INTO Envios (DNI_cliente, DNI_conductor, placa, id_ruta, fecha_envio, estado_envio, id_envio) VALUES (76350246, 28464231, 'zPQ-0582', 22, '2025-01-28 00:22:53', 'Cancelado', 15);
INSERT INTO Envios (DNI_cliente, DNI_conductor, placa, id_ruta, fecha_envio, estado_envio, id_envio) VALUES (76350246, 80433832, 'wzx-3684', 1, '2025-01-09 18:58:20', 'En tránsito', 16);
INSERT INTO Envios (DNI_cliente, DNI_conductor, placa, id_ruta, fecha_envio, estado_envio, id_envio) VALUES (76350246, 33278861, 'SKT-4640', 18, '2025-02-03 13:23:22', 'En tránsito', 17);
INSERT INTO Envios (DNI_cliente, DNI_conductor, placa, id_ruta, fecha_envio, estado_envio, id_envio) VALUES (22042015, 80152664, 'zGB-1710', 24, '2025-01-07 18:56:24', 'Cancelado', 18);
INSERT INTO Envios (DNI_cliente, DNI_conductor, placa, id_ruta, fecha_envio, estado_envio, id_envio) VALUES (92986727, 3766878, 'SKT-4640', 1, '2025-03-20 20:22:46', 'Entregado', 19);
INSERT INTO Envios (DNI_cliente, DNI_conductor, placa, id_ruta, fecha_envio, estado_envio, id_envio) VALUES (34841517, 55639481, 'Esj-9676', 4, '2025-01-19 22:06:34', 'Pendiente', 20);
INSERT INTO Envios (DNI_cliente, DNI_conductor, placa, id_ruta, fecha_envio, estado_envio, id_envio) VALUES (2854398, 3766878, 'Dvc-6795', 1, '2025-03-22 18:54:11', 'Pendiente', 21);
INSERT INTO Envios (DNI_cliente, DNI_conductor, placa, id_ruta, fecha_envio, estado_envio, id_envio) VALUES (61302101, 24560724, 'Dvc-6795', 9, '2025-04-08 12:13:37', 'En tránsito', 22);
INSERT INTO Envios (DNI_cliente, DNI_conductor, placa, id_ruta, fecha_envio, estado_envio, id_envio) VALUES (13429114, 97647642, 'yYd-7922', 22, '2025-02-11 02:21:31', 'Pendiente', 23);
INSERT INTO Envios (DNI_cliente, DNI_conductor, placa, id_ruta, fecha_envio, estado_envio, id_envio) VALUES (13049466, 80433832, 'luw-3286', 30, '2025-02-04 08:21:28', 'Cancelado', 24);
INSERT INTO Envios (DNI_cliente, DNI_conductor, placa, id_ruta, fecha_envio, estado_envio, id_envio) VALUES (81408418, 75625648, 'zaH-0048', 3, '2025-03-03 01:31:58', 'Entregado', 25);
INSERT INTO Envios (DNI_cliente, DNI_conductor, placa, id_ruta, fecha_envio, estado_envio, id_envio) VALUES (12165831, 24560724, 'wuV-3597', 22, '2025-02-18 18:46:10', 'Pendiente', 26);
INSERT INTO Envios (DNI_cliente, DNI_conductor, placa, id_ruta, fecha_envio, estado_envio, id_envio) VALUES (61302101, 29177597, 'yYd-7922', 6, '2025-01-21 22:41:26', 'En tránsito', 27);
INSERT INTO Envios (DNI_cliente, DNI_conductor, placa, id_ruta, fecha_envio, estado_envio, id_envio) VALUES (22042015, 24560724, 'vKw-3435', 18, '2025-01-30 05:21:41', 'Pendiente', 28);
INSERT INTO Envios (DNI_cliente, DNI_conductor, placa, id_ruta, fecha_envio, estado_envio, id_envio) VALUES (34841517, 33278861, 'mIB-3960', 11, '2025-03-25 04:03:07', 'Cancelado', 29);
INSERT INTO Envios (DNI_cliente, DNI_conductor, placa, id_ruta, fecha_envio, estado_envio, id_envio) VALUES (34910462, 50332090, 'vLP-5758', 8, '2025-03-12 10:45:27', 'Entregado', 30);
INSERT INTO Envios (DNI_cliente, DNI_conductor, placa, id_ruta, fecha_envio, estado_envio, id_envio) VALUES (2854398, 50332090, 'zaH-0048', 19, '2025-02-22 09:39:20', 'Cancelado', 31);
INSERT INTO Envios (DNI_cliente, DNI_conductor, placa, id_ruta, fecha_envio, estado_envio, id_envio) VALUES (58898480, 57674055, 'cdc-9029', 16, '2025-03-12 03:54:48', 'En tránsito', 32);
INSERT INTO Envios (DNI_cliente, DNI_conductor, placa, id_ruta, fecha_envio, estado_envio, id_envio) VALUES (41402669, 33278861, 'Vea-6084', 23, '2025-01-02 10:15:35', 'Entregado', 33);
INSERT INTO Envios (DNI_cliente, DNI_conductor, placa, id_ruta, fecha_envio, estado_envio, id_envio) VALUES (14173992, 4284617, 'cdc-9029', 1, '2025-01-30 00:27:55', 'En tránsito', 34);
INSERT INTO Envios (DNI_cliente, DNI_conductor, placa, id_ruta, fecha_envio, estado_envio, id_envio) VALUES (16323012, 1529504, 'mIB-3960', 9, '2025-02-06 20:13:14', 'En tránsito', 35);
INSERT INTO Envios (DNI_cliente, DNI_conductor, placa, id_ruta, fecha_envio, estado_envio, id_envio) VALUES (21810468, 57674055, 'luw-3286', 30, '2025-03-20 05:38:31', 'Cancelado', 36);
INSERT INTO Envios (DNI_cliente, DNI_conductor, placa, id_ruta, fecha_envio, estado_envio, id_envio) VALUES (16323012, 55639481, 'DvZ-3164', 8, '2025-01-04 20:31:41', 'Pendiente', 37);
INSERT INTO Envios (DNI_cliente, DNI_conductor, placa, id_ruta, fecha_envio, estado_envio, id_envio) VALUES (13429114, 28464231, 'zPQ-0582', 6, '2025-01-18 17:18:02', 'En tránsito', 38);
INSERT INTO Envios (DNI_cliente, DNI_conductor, placa, id_ruta, fecha_envio, estado_envio, id_envio) VALUES (10229187, 57674055, 'wzx-3684', 30, '2025-04-04 01:42:03', 'Entregado', 39);
INSERT INTO Envios (DNI_cliente, DNI_conductor, placa, id_ruta, fecha_envio, estado_envio, id_envio) VALUES (83695977, 97647642, 'Dvc-6795', 17, '2025-04-03 17:36:35', 'Pendiente', 40);
INSERT INTO Envios (DNI_cliente, DNI_conductor, placa, id_ruta, fecha_envio, estado_envio, id_envio) VALUES (95892193, 1529504, 'Esj-9676', 16, '2025-04-05 11:50:48', 'Pendiente', 41);
INSERT INTO Envios (DNI_cliente, DNI_conductor, placa, id_ruta, fecha_envio, estado_envio, id_envio) VALUES (22042015, 29177597, 'Gha-9792', 5, '2025-03-11 15:06:30', 'Pendiente', 42);
INSERT INTO Envios (DNI_cliente, DNI_conductor, placa, id_ruta, fecha_envio, estado_envio, id_envio) VALUES (58898480, 1529504, 'kAk-1400', 10, '2025-04-13 01:47:29', 'Pendiente', 43);
INSERT INTO Envios (DNI_cliente, DNI_conductor, placa, id_ruta, fecha_envio, estado_envio, id_envio) VALUES (14173992, 80433832, 'DvZ-3164', 24, '2025-02-21 18:09:10', 'Entregado', 44);
INSERT INTO Envios (DNI_cliente, DNI_conductor, placa, id_ruta, fecha_envio, estado_envio, id_envio) VALUES (21810468, 24560724, 'NmB-1303', 21, '2025-01-31 22:59:01', 'En tránsito', 45);
INSERT INTO Envios (DNI_cliente, DNI_conductor, placa, id_ruta, fecha_envio, estado_envio, id_envio) VALUES (14962756, 57674055, 'wzs-0610', 25, '2025-01-27 05:24:30', 'En tránsito', 46);
INSERT INTO Envios (DNI_cliente, DNI_conductor, placa, id_ruta, fecha_envio, estado_envio, id_envio) VALUES (83695977, 75967676, 'DvZ-3164', 18, '2025-02-21 05:53:06', 'Pendiente', 47);
INSERT INTO Envios (DNI_cliente, DNI_conductor, placa, id_ruta, fecha_envio, estado_envio, id_envio) VALUES (93503963, 55639481, 'Esj-9676', 16, '2025-02-16 18:42:25', 'Entregado', 48);
INSERT INTO Envios (DNI_cliente, DNI_conductor, placa, id_ruta, fecha_envio, estado_envio, id_envio) VALUES (61052190, 33278861, 'luw-3286', 9, '2025-02-17 02:24:27', 'Entregado', 49);
INSERT INTO Envios (DNI_cliente, DNI_conductor, placa, id_ruta, fecha_envio, estado_envio, id_envio) VALUES (58898480, 3766878, 'NmB-1303', 26, '2025-01-29 09:55:21', 'Entregado', 50);